{"location": [28.602198676663033, -80.81752273354974], "radius": 50000, "hotels": []}